"4","Chelsey Dietrich","True","odit optio omnis qui sunt"
"4","Chelsey Dietrich","False","et placeat et tempore aspernatur sint numquam"
"4","Chelsey Dietrich","True","doloremque aut dolores quidem fuga qui nulla"
"4","Chelsey Dietrich","False","voluptas consequatur qui ut quia magnam nemo esse"
"4","Chelsey Dietrich","False","fugiat pariatur ratione ut asperiores necessitatibus magni"
"4","Chelsey Dietrich","False","rerum eum molestias autem voluptatum sit optio"
"4","Chelsey Dietrich","False","quia voluptatibus voluptatem quos similique maiores repellat"
"4","Chelsey Dietrich","False","aut id perspiciatis voluptatem iusto"
"4","Chelsey Dietrich","False","doloribus sint dolorum ab adipisci itaque dignissimos aliquam suscipit"
"4","Chelsey Dietrich","False","ut sequi accusantium et mollitia delectus sunt"
"4","Chelsey Dietrich","False","aut velit saepe ullam"
"4","Chelsey Dietrich","False","praesentium facilis facere quis harum voluptatibus voluptatem eum"
"4","Chelsey Dietrich","True","sint amet quia totam corporis qui exercitationem commodi"
"4","Chelsey Dietrich","False","expedita tempore nobis eveniet laborum maiores"
"4","Chelsey Dietrich","False","occaecati adipisci est possimus totam"
"4","Chelsey Dietrich","True","sequi dolorem sed"
"4","Chelsey Dietrich","False","maiores aut nesciunt delectus exercitationem vel assumenda eligendi at"
"4","Chelsey Dietrich","False","reiciendis est magnam amet nemo iste recusandae impedit quaerat"
"4","Chelsey Dietrich","True","eum ipsa maxime ut"
"4","Chelsey Dietrich","True","tempore molestias dolores rerum sequi voluptates ipsum consequatur"
